8dcb0f46-8ded-491c-b324-96c1b6a6d0df;abc;USD;0
8dcb0f46-8ded-491c-b324-96c1b6a6d0df;abc;NOK;5
8dcb0f46-8ded-491c-b324-96c1b6a6d0df;abc;PLN;1190.8630425790139064475347661
8dcb0f46-8ded-491c-b324-96c1b6a6d0df;abc;SEK;0
8dcb0f46-8ded-491c-b324-96c1b6a6d0df;abc;EUR;109.98735777496839443742098609
